alpina;juan reyes;calle 23 # 45 sur;1223456
sony;maria roa;calle 23 #45;3432432
sony;maria roa;calle 23 #46;3432433
sony;maria roa;calle 23 #47;3432434
sony;maria roa;calle 23 #48;3432435
sony;maria roa;calle 23 #49;3432436
sony;maria roa;calle 23 #50;3432437
sony;maria roa;calle 23 #51;3432438
sony;maria roa;calle 23 #52;3432439
sony;maria roa;calle 23 #53;3432440
sony;maria roa;calle 23 #54;3432441
sony;maria roa;calle 23 #55;3432442
sony;maria roa;calle 23 #56;3432443
sony;maria roa;calle 23 #57;3432444
sony;maria roa;calle 23 #58;3432445
sony;maria roa;calle 23 #59;3432446
sony;maria roa;calle 23 #60;3432447
sony;maria roa;calle 23 #61;3432448
sony;maria roa;calle 23 #62;3432449
sony;maria roa;calle 23 #63;3432450
sony;maria roa;calle 23 #64;3432451
sony;maria roa;calle 23 #65;3432452
sony;maria roa;calle 23 #66;3432453
sony;maria roa;calle 23 #67;3432454
sony;maria roa;calle 23 #68;3432455
sony;maria roa;calle 23 #69;3432456
sony;maria roa;calle 23 #70;3432457
sony;maria roa;calle 23 #71;3432458
sony;maria roa;calle 23 #72;3432459
sony;maria roa;calle 23 #73;3432460
sony;maria roa;calle 23 #74;3432461
sony;maria roa;calle 23 #75;3432462
sony;maria roa;calle 23 #76;3432463
sony;maria roa;calle 23 #77;3432464
sony;maria roa;calle 23 #78;3432465
sony;maria roa;calle 23 #79;3432466
sony;maria roa;calle 23 #80;3432467
sony;maria roa;calle 23 #81;3432468
sony;maria roa;calle 23 #82;3432469
sony;maria roa;calle 23 #83;3432470
sony;maria roa;calle 23 #84;3432471
sony;maria roa;calle 23 #85;3432472
sony;maria roa;calle 23 #86;3432473
sony;maria roa;calle 23 #87;3432474
sony;maria roa;calle 23 #88;3432475
sony;maria roa;calle 23 #89;3432476
sony;maria roa;calle 23 #90;3432477
sony;maria roa;calle 23 #91;3432478
sony;maria roa;calle 23 #92;3432479
sony;maria roa;calle 23 #93;3432480
sony;maria roa;calle 23 #94;3432481
sony;maria roa;calle 23 #95;3432482
sony;maria roa;calle 23 #96;3432483
sony;maria roa;calle 23 #97;3432484
sony;maria roa;calle 23 #98;3432485
sony;maria roa;calle 23 #99;3432486
sony;maria roa;calle 23 #100;3432487
sony;maria roa;calle 23 #101;3432488
sony;maria roa;calle 23 #102;3432489
sony;maria roa;calle 23 #103;3432490
sony;maria roa;calle 23 #104;3432491
sony;maria roa;calle 23 #105;3432492
sony;maria roa;calle 23 #106;3432493
sony;maria roa;calle 23 #107;3432494
sony;maria roa;calle 23 #108;3432495
sony;maria roa;calle 23 #109;3432496
sony;maria roa;calle 23 #110;3432497
sony;maria roa;calle 23 #111;3432498
sony;maria roa;calle 23 #112;3432499
sony;maria roa;calle 23 #113;3432500
sony;maria roa;calle 23 #114;3432501
sony;maria roa;calle 23 #115;3432502
sony;maria roa;calle 23 #116;3432503
sony;maria roa;calle 23 #117;3432504
sony;maria roa;calle 23 #118;3432505
sony;maria roa;calle 23 #119;3432506
sony;maria roa;calle 23 #120;3432507
sony;maria roa;calle 23 #121;3432508
sony;maria roa;calle 23 #122;3432509
sony;maria roa;calle 23 #123;3432510
sony;maria roa;calle 23 #124;3432511
sony;maria roa;calle 23 #125;3432512
sony;maria roa;calle 23 #126;3432513
sony;maria roa;calle 23 #127;3432514
sony;maria roa;calle 23 #128;3432515
sony;maria roa;calle 23 #129;3432516
sony;maria roa;calle 23 #130;3432517
sony;maria roa;calle 23 #131;3432518
sony;maria roa;calle 23 #132;3432519
sony;maria roa;calle 23 #133;3432520
sony;maria roa;calle 23 #134;3432521
sony;maria roa;calle 23 #135;3432522
sony;maria roa;calle 23 #136;3432523
sony;maria roa;calle 23 #137;3432524
sony;maria roa;calle 23 #138;3432525
sony;maria roa;calle 23 #139;3432526
sony;maria roa;calle 23 #140;3432527
sony;maria roa;calle 23 #141;3432528
sony;maria roa;calle 23 #142;3432529
sony;maria roa;calle 23 #143;3432530
sony;maria roa;calle 23 #144;3432531
sony;maria roa;calle 23 #145;3432532
sony;maria roa;calle 23 #146;3432533
sony;maria roa;calle 23 #147;3432534
sony;maria roa;calle 23 #148;3432535
sony;maria roa;calle 23 #149;3432536
sony;maria roa;calle 23 #150;3432537
sony;maria roa;calle 23 #151;3432538
sony;maria roa;calle 23 #152;3432539
sony;maria roa;calle 23 #153;3432540
sony;maria roa;calle 23 #154;3432541
sony;maria roa;calle 23 #155;3432542
sony;maria roa;calle 23 #156;3432543
sony;maria roa;calle 23 #157;3432544
sony;maria roa;calle 23 #158;3432545
sony;maria roa;calle 23 #159;3432546
sony;maria roa;calle 23 #160;3432547
sony;maria roa;calle 23 #161;3432548
sony;maria roa;calle 23 #162;3432549
sony;maria roa;calle 23 #163;3432550
sony;maria roa;calle 23 #164;3432551
sony;maria roa;calle 23 #165;3432552
sony;maria roa;calle 23 #166;3432553
sony;maria roa;calle 23 #167;3432554
sony;maria roa;calle 23 #168;3432555
sony;maria roa;calle 23 #169;3432556
sony;maria roa;calle 23 #170;3432557
sony;maria roa;calle 23 #171;3432558
sony;maria roa;calle 23 #172;3432559
sony;maria roa;calle 23 #173;3432560
sony;maria roa;calle 23 #174;3432561
sony;maria roa;calle 23 #175;3432562
sony;maria roa;calle 23 #176;3432563
sony;maria roa;calle 23 #177;3432564
sony;maria roa;calle 23 #178;3432565
sony;maria roa;calle 23 #179;3432566
sony;maria roa;calle 23 #180;3432567
sony;maria roa;calle 23 #181;3432568
sony;maria roa;calle 23 #182;3432569
sony;maria roa;calle 23 #183;3432570
sony;maria roa;calle 23 #184;3432571
sony;maria roa;calle 23 #185;3432572
sony;maria roa;calle 23 #186;3432573
sony;maria roa;calle 23 #187;3432574
sony;maria roa;calle 23 #188;3432575
sony;maria roa;calle 23 #189;3432576
sony;maria roa;calle 23 #190;3432577
sony;maria roa;calle 23 #191;3432578
sony;maria roa;calle 23 #192;3432579
sony;maria roa;calle 23 #193;3432580
sony;maria roa;calle 23 #194;3432581
sony;maria roa;calle 23 #195;3432582
sony;maria roa;calle 23 #196;3432583
sony;maria roa;calle 23 #197;3432584
sony;maria roa;calle 23 #198;3432585
sony;maria roa;calle 23 #199;3432586
sony;maria roa;calle 23 #200;3432587
sony;maria roa;calle 23 #201;3432588
sony;maria roa;calle 23 #202;3432589
sony;maria roa;calle 23 #203;3432590
sony;maria roa;calle 23 #204;3432591
sony;maria roa;calle 23 #205;3432592
sony;maria roa;calle 23 #206;3432593
sony;maria roa;calle 23 #207;3432594
sony;maria roa;calle 23 #208;3432595
sony;maria roa;calle 23 #209;3432596
sony;maria roa;calle 23 #210;3432597
sony;maria roa;calle 23 #211;3432598
sony;maria roa;calle 23 #212;3432599
sony;maria roa;calle 23 #213;3432600
sony;maria roa;calle 23 #214;3432601
sony;maria roa;calle 23 #215;3432602
sony;maria roa;calle 23 #216;3432603
sony;maria roa;calle 23 #217;3432604
sony;maria roa;calle 23 #218;3432605
sony;maria roa;calle 23 #219;3432606
sony;maria roa;calle 23 #220;3432607
sony;maria roa;calle 23 #221;3432608
sony;maria roa;calle 23 #222;3432609
sony;maria roa;calle 23 #223;3432610
sony;maria roa;calle 23 #224;3432611
sony;maria roa;calle 23 #225;3432612
sony;maria roa;calle 23 #226;3432613
sony;maria roa;calle 23 #227;3432614
sony;maria roa;calle 23 #228;3432615
sony;maria roa;calle 23 #229;3432616
sony;maria roa;calle 23 #230;3432617
sony;maria roa;calle 23 #231;3432618
sony;maria roa;calle 23 #232;3432619
sony;maria roa;calle 23 #233;3432620
sony;maria roa;calle 23 #234;3432621
sony;maria roa;calle 23 #235;3432622
sony;maria roa;calle 23 #236;3432623
sony;maria roa;calle 23 #237;3432624
sony;maria roa;calle 23 #238;3432625
sony;maria roa;calle 23 #239;3432626
sony;maria roa;calle 23 #240;3432627
sony;maria roa;calle 23 #241;3432628
sony;maria roa;calle 23 #242;3432629
sony;maria roa;calle 23 #243;3432630
sony;maria roa;calle 23 #244;3432631
sony;maria roa;calle 23 #245;3432632
sony;maria roa;calle 23 #246;3432633
sony;maria roa;calle 23 #247;3432634
sony;maria roa;calle 23 #248;3432635
sony;maria roa;calle 23 #249;3432636
sony;maria roa;calle 23 #250;3432637
sony;maria roa;calle 23 #251;3432638
sony;maria roa;calle 23 #252;3432639
sony;maria roa;calle 23 #253;3432640
sony;maria roa;calle 23 #254;3432641
sony;maria roa;calle 23 #255;3432642
sony;maria roa;calle 23 #256;3432643
sony;maria roa;calle 23 #257;3432644
sony;maria roa;calle 23 #258;3432645
sony;maria roa;calle 23 #259;3432646
sony;maria roa;calle 23 #260;3432647
sony;maria roa;calle 23 #261;3432648
sony;maria roa;calle 23 #262;3432649
sony;maria roa;calle 23 #263;3432650
sony;maria roa;calle 23 #264;3432651
sony;maria roa;calle 23 #265;3432652
sony;maria roa;calle 23 #266;3432653
sony;maria roa;calle 23 #267;3432654
sony;maria roa;calle 23 #268;3432655
sony;maria roa;calle 23 #269;3432656
sony;maria roa;calle 23 #270;3432657
sony;maria roa;calle 23 #271;3432658
sony;maria roa;calle 23 #272;3432659
sony;maria roa;calle 23 #273;3432660
sony;maria roa;calle 23 #274;3432661
sony;maria roa;calle 23 #275;3432662
sony;maria roa;calle 23 #276;3432663
sony;maria roa;calle 23 #277;3432664
sony;maria roa;calle 23 #278;3432665
sony;maria roa;calle 23 #279;3432666
sony;maria roa;calle 23 #280;3432667
sony;maria roa;calle 23 #281;3432668
sony;maria roa;calle 23 #282;3432669
sony;maria roa;calle 23 #283;3432670
sony;maria roa;calle 23 #284;3432671
sony;maria roa;calle 23 #285;3432672
sony;maria roa;calle 23 #286;3432673
sony;maria roa;calle 23 #287;3432674
sony;maria roa;calle 23 #288;3432675
sony;maria roa;calle 23 #289;3432676
sony;maria roa;calle 23 #290;3432677
sony;maria roa;calle 23 #291;3432678
sony;maria roa;calle 23 #292;3432679
sony;maria roa;calle 23 #293;3432680
sony;maria roa;calle 23 #294;3432681
sony;maria roa;calle 23 #295;3432682
sony;maria roa;calle 23 #296;3432683
sony;maria roa;calle 23 #297;3432684
sony;maria roa;calle 23 #298;3432685
sony;maria roa;calle 23 #299;3432686
sony;maria roa;calle 23 #300;3432687
sony;maria roa;calle 23 #301;3432688
sony;maria roa;calle 23 #302;3432689
sony;maria roa;calle 23 #303;3432690
sony;maria roa;calle 23 #304;3432691
sony;maria roa;calle 23 #305;3432692
sony;maria roa;calle 23 #306;3432693
sony;maria roa;calle 23 #307;3432694
sony;maria roa;calle 23 #308;3432695
sony;maria roa;calle 23 #309;3432696
sony;maria roa;calle 23 #310;3432697
sony;maria roa;calle 23 #311;3432698
sony;maria roa;calle 23 #312;3432699
sony;maria roa;calle 23 #313;3432700
sony;maria roa;calle 23 #314;3432701
sony;maria roa;calle 23 #315;3432702
sony;maria roa;calle 23 #316;3432703
sony;maria roa;calle 23 #317;3432704
sony;maria roa;calle 23 #318;3432705
sony;maria roa;calle 23 #319;3432706
sony;maria roa;calle 23 #320;3432707
sony;maria roa;calle 23 #321;3432708
sony;maria roa;calle 23 #322;3432709
sony;maria roa;calle 23 #323;3432710
sony;maria roa;calle 23 #324;3432711
sony;maria roa;calle 23 #325;3432712
sony;maria roa;calle 23 #326;3432713
sony;maria roa;calle 23 #327;3432714
sony;maria roa;calle 23 #328;3432715
sony;maria roa;calle 23 #329;3432716
sony;maria roa;calle 23 #330;3432717
sony;maria roa;calle 23 #331;3432718
sony;maria roa;calle 23 #332;3432719
sony;maria roa;calle 23 #333;3432720
sony;maria roa;calle 23 #334;3432721
sony;maria roa;calle 23 #335;3432722
sony;maria roa;calle 23 #336;3432723
sony;maria roa;calle 23 #337;3432724
sony;maria roa;calle 23 #338;3432725
sony;maria roa;calle 23 #339;3432726
sony;maria roa;calle 23 #340;3432727
sony;maria roa;calle 23 #341;3432728
sony;maria roa;calle 23 #342;3432729
sony;maria roa;calle 23 #343;3432730
sony;maria roa;calle 23 #344;3432731
sony;maria roa;calle 23 #345;3432732
sony;maria roa;calle 23 #346;3432733
sony;maria roa;calle 23 #347;3432734
sony;maria roa;calle 23 #348;3432735
sony;maria roa;calle 23 #349;3432736
sony;maria roa;calle 23 #350;3432737
sony;maria roa;calle 23 #351;3432738
sony;maria roa;calle 23 #352;3432739
sony;maria roa;calle 23 #353;3432740
sony;maria roa;calle 23 #354;3432741
sony;maria roa;calle 23 #355;3432742
sony;maria roa;calle 23 #356;3432743
sony;maria roa;calle 23 #357;3432744
sony;maria roa;calle 23 #358;3432745
sony;maria roa;calle 23 #359;3432746
sony;maria roa;calle 23 #360;3432747
sony;maria roa;calle 23 #361;3432748
sony;maria roa;calle 23 #362;3432749
sony;maria roa;calle 23 #363;3432750
sony;maria roa;calle 23 #364;3432751
sony;maria roa;calle 23 #365;3432752
sony;maria roa;calle 23 #366;3432753
sony;maria roa;calle 23 #367;3432754
sony;maria roa;calle 23 #368;3432755
sony;maria roa;calle 23 #369;3432756
sony;maria roa;calle 23 #370;3432757
sony;maria roa;calle 23 #371;3432758
sony;maria roa;calle 23 #372;3432759
sony;maria roa;calle 23 #373;3432760
sony;maria roa;calle 23 #374;3432761
sony;maria roa;calle 23 #375;3432762
sony;maria roa;calle 23 #376;3432763
sony;maria roa;calle 23 #377;3432764
sony;maria roa;calle 23 #378;3432765
sony;maria roa;calle 23 #379;3432766
sony;maria roa;calle 23 #380;3432767
sony;maria roa;calle 23 #381;3432768
sony;maria roa;calle 23 #382;3432769
sony;maria roa;calle 23 #383;3432770
sony;maria roa;calle 23 #384;3432771
sony;maria roa;calle 23 #385;3432772
sony;maria roa;calle 23 #386;3432773
sony;maria roa;calle 23 #387;3432774
sony;maria roa;calle 23 #388;3432775
sony;maria roa;calle 23 #389;3432776
sony;maria roa;calle 23 #390;3432777
sony;maria roa;calle 23 #391;3432778
sony;maria roa;calle 23 #392;3432779
sony;maria roa;calle 23 #393;3432780
sony;maria roa;calle 23 #394;3432781
sony;maria roa;calle 23 #395;3432782
sony;maria roa;calle 23 #396;3432783
sony;maria roa;calle 23 #397;3432784
sony;maria roa;calle 23 #398;3432785
sony;maria roa;calle 23 #399;3432786
sony;maria roa;calle 23 #400;3432787
sony;maria roa;calle 23 #401;3432788
sony;maria roa;calle 23 #402;3432789
sony;maria roa;calle 23 #403;3432790
sony;maria roa;calle 23 #404;3432791
sony;maria roa;calle 23 #405;3432792
sony;maria roa;calle 23 #406;3432793
sony;maria roa;calle 23 #407;3432794
sony;maria roa;calle 23 #408;3432795
sony;maria roa;calle 23 #409;3432796
sony;maria roa;calle 23 #410;3432797
sony;maria roa;calle 23 #411;3432798
sony;maria roa;calle 23 #412;3432799
sony;maria roa;calle 23 #413;3432800
sony;maria roa;calle 23 #414;3432801
sony;maria roa;calle 23 #415;3432802
sony;maria roa;calle 23 #416;3432803
sony;maria roa;calle 23 #417;3432804
sony;maria roa;calle 23 #418;3432805
sony;maria roa;calle 23 #419;3432806
sony;maria roa;calle 23 #420;3432807
sony;maria roa;calle 23 #421;3432808
sony;maria roa;calle 23 #422;3432809
sony;maria roa;calle 23 #423;3432810
sony;maria roa;calle 23 #424;3432811
sony;maria roa;calle 23 #425;3432812
sony;maria roa;calle 23 #426;3432813
sony;maria roa;calle 23 #427;3432814
sony;maria roa;calle 23 #428;3432815
sony;maria roa;calle 23 #429;3432816
sony;maria roa;calle 23 #430;3432817
sony;maria roa;calle 23 #431;3432818
sony;maria roa;calle 23 #432;3432819
sony;maria roa;calle 23 #433;3432820
sony;maria roa;calle 23 #434;3432821
sony;maria roa;calle 23 #435;3432822
sony;maria roa;calle 23 #436;3432823
sony;maria roa;calle 23 #437;3432824
sony;maria roa;calle 23 #438;3432825
sony;maria roa;calle 23 #439;3432826
sony;maria roa;calle 23 #440;3432827
sony;maria roa;calle 23 #441;3432828
sony;maria roa;calle 23 #442;3432829
sony;maria roa;calle 23 #443;3432830
sony;maria roa;calle 23 #444;3432831
sony;maria roa;calle 23 #445;3432832
sony;maria roa;calle 23 #446;3432833
sony;maria roa;calle 23 #447;3432834
sony;maria roa;calle 23 #448;3432835
sony;maria roa;calle 23 #449;3432836
sony;maria roa;calle 23 #450;3432837
sony;maria roa;calle 23 #451;3432838
sony;maria roa;calle 23 #452;3432839
sony;maria roa;calle 23 #453;3432840
sony;maria roa;calle 23 #454;3432841
sony;maria roa;calle 23 #455;3432842
sony;maria roa;calle 23 #456;3432843
sony;maria roa;calle 23 #457;3432844
sony;maria roa;calle 23 #458;3432845
sony;maria roa;calle 23 #459;3432846
sony;maria roa;calle 23 #460;3432847
sony;maria roa;calle 23 #461;3432848
sony;maria roa;calle 23 #462;3432849
sony;maria roa;calle 23 #463;3432850
sony;maria roa;calle 23 #464;3432851
sony;maria roa;calle 23 #465;3432852
sony;maria roa;calle 23 #466;3432853
sony;maria roa;calle 23 #467;3432854
sony;maria roa;calle 23 #468;3432855
sony;maria roa;calle 23 #469;3432856
sony;maria roa;calle 23 #470;3432857
sony;maria roa;calle 23 #471;3432858
sony;maria roa;calle 23 #472;3432859
sony;maria roa;calle 23 #473;3432860
sony;maria roa;calle 23 #474;3432861
sony;maria roa;calle 23 #475;3432862
sony;maria roa;calle 23 #476;3432863
sony;maria roa;calle 23 #477;3432864
sony;maria roa;calle 23 #478;3432865
sony;maria roa;calle 23 #479;3432866
sony;maria roa;calle 23 #480;3432867
sony;maria roa;calle 23 #481;3432868
sony;maria roa;calle 23 #482;3432869
sony;maria roa;calle 23 #483;3432870
sony;maria roa;calle 23 #484;3432871
sony;maria roa;calle 23 #485;3432872
sony;maria roa;calle 23 #486;3432873
sony;maria roa;calle 23 #487;3432874
sony;maria roa;calle 23 #488;3432875
sony;maria roa;calle 23 #489;3432876
sony;maria roa;calle 23 #490;3432877
sony;maria roa;calle 23 #491;3432878
sony;maria roa;calle 23 #492;3432879
sony;maria roa;calle 23 #493;3432880
sony;maria roa;calle 23 #494;3432881
sony;maria roa;calle 23 #495;3432882
sony;maria roa;calle 23 #496;3432883
sony;maria roa;calle 23 #497;3432884
sony;maria roa;calle 23 #498;3432885
sony;maria roa;calle 23 #499;3432886
sony;maria roa;calle 23 #500;3432887
sony;maria roa;calle 23 #501;3432888
sony;maria roa;calle 23 #502;3432889
sony;maria roa;calle 23 #503;3432890
sony;maria roa;calle 23 #504;3432891
sony;maria roa;calle 23 #505;3432892
sony;maria roa;calle 23 #506;3432893
sony;maria roa;calle 23 #507;3432894
sony;maria roa;calle 23 #508;3432895
sony;maria roa;calle 23 #509;3432896
sony;maria roa;calle 23 #510;3432897
sony;maria roa;calle 23 #511;3432898
sony;maria roa;calle 23 #512;3432899
sony;maria roa;calle 23 #513;3432900
sony;maria roa;calle 23 #514;3432901
sony;maria roa;calle 23 #515;3432902
sony;maria roa;calle 23 #516;3432903
sony;maria roa;calle 23 #517;3432904
sony;maria roa;calle 23 #518;3432905
sony;maria roa;calle 23 #519;3432906
sony;maria roa;calle 23 #520;3432907
sony;maria roa;calle 23 #521;3432908
sony;maria roa;calle 23 #522;3432909
sony;maria roa;calle 23 #523;3432910
sony;maria roa;calle 23 #524;3432911
sony;maria roa;calle 23 #525;3432912
sony;maria roa;calle 23 #526;3432913
sony;maria roa;calle 23 #527;3432914
sony;maria roa;calle 23 #528;3432915
sony;maria roa;calle 23 #529;3432916
sony;maria roa;calle 23 #530;3432917
sony;maria roa;calle 23 #531;3432918
sony;maria roa;calle 23 #532;3432919
sony;maria roa;calle 23 #533;3432920
sony;maria roa;calle 23 #534;3432921
sony;maria roa;calle 23 #535;3432922
sony;maria roa;calle 23 #536;3432923
sony;maria roa;calle 23 #537;3432924
sony;maria roa;calle 23 #538;3432925
sony;maria roa;calle 23 #539;3432926
sony;maria roa;calle 23 #540;3432927
sony;maria roa;calle 23 #541;3432928
sony;maria roa;calle 23 #542;3432929
sony;maria roa;calle 23 #543;3432930
sony;maria roa;calle 23 #544;3432931
sony;maria roa;calle 23 #545;3432932
sony;maria roa;calle 23 #546;3432933
sony;maria roa;calle 23 #547;3432934
sony;maria roa;calle 23 #548;3432935
sony;maria roa;calle 23 #549;3432936
sony;maria roa;calle 23 #550;3432937
sony;maria roa;calle 23 #551;3432938
sony;maria roa;calle 23 #552;3432939
sony;maria roa;calle 23 #553;3432940
sony;maria roa;calle 23 #554;3432941
sony;maria roa;calle 23 #555;3432942
sony;maria roa;calle 23 #556;3432943
sony;maria roa;calle 23 #557;3432944
sony;maria roa;calle 23 #558;3432945
sony;maria roa;calle 23 #559;3432946
sony;maria roa;calle 23 #560;3432947
sony;maria roa;calle 23 #561;3432948
sony;maria roa;calle 23 #562;3432949
sony;maria roa;calle 23 #563;3432950
sony;maria roa;calle 23 #564;3432951
sony;maria roa;calle 23 #565;3432952
sony;maria roa;calle 23 #566;3432953
sony;maria roa;calle 23 #567;3432954
sony;maria roa;calle 23 #568;3432955
sony;maria roa;calle 23 #569;3432956
sony;maria roa;calle 23 #570;3432957
sony;maria roa;calle 23 #571;3432958
sony;maria roa;calle 23 #572;3432959
sony;maria roa;calle 23 #573;3432960
sony;maria roa;calle 23 #574;3432961
sony;maria roa;calle 23 #575;3432962
sony;maria roa;calle 23 #576;3432963
sony;maria roa;calle 23 #577;3432964
sony;maria roa;calle 23 #578;3432965
sony;maria roa;calle 23 #579;3432966
sony;maria roa;calle 23 #580;3432967
sony;maria roa;calle 23 #581;3432968
sony;maria roa;calle 23 #582;3432969
sony;maria roa;calle 23 #583;3432970
